Channel,Revenue_Contribution,Spend,ROI,Effectiveness,Elasticity,Contribution_Share_%
Facebook,49305868.0,1119289.0,44.051060986036674,22.22756716354613,2.9033328486051093e-06,30.44974
Google,49038412.0,955737.0,51.309525528466516,25.9172983744998,2.2007693019475686e-06,30.284565
Instagram,19575872.0,1004285.3,19.492341469102453,9.855503205259135,1.279453265121824e-06,12.0894375
LinkedIn,32595020.0,1220345.5,26.70966541852287,13.4616949262999,2.7464828376348747e-06,20.12965
YouTube,11410252.0,1001801.4,11.38973453221367,5.743516156945213,6.705393263380076e-07,7.0466094
